arm,step,critic/score/mean,actor/pg_loss,actor/entropy,actor/grad_norm,response_length/mean,response_length/clip_ratio,training/num_turns/mean,timing_s/step,timing_s/gen,timing_s/update_actor,perf/throughput
9B GRPO-32K,35,,,,,,,,,,,
9B GRPO-32K,36,0.8837890625,0.008769102889345959,0.30504027009010315,0.17540008760988712,6758.044921875,0.0078125,,1279.3320718370378,666.7302765240893,463.80659432709217,766.5568397670247
9B GRPO-32K,37,0.9140625,0.00672618554381188,0.326754093170166,0.1225709468126297,6139.3330078125,0.0078125,,829.7448523240164,496.3985486039892,256.49326096940786,1089.0439663096963
9B GRPO-32K,38,0.896484375,0.016297351685352623,0.3210771679878235,0.12952332571148872,6525.0263671875,0.0068359375,,826.5591529384255,490.2050676634535,278.84994623903185,1148.3393192437472
9B GRPO-32K,39,0.9150390625,0.011125369856017642,0.29192325472831726,0.13280977308750153,6307.19140625,0.005859375,,827.7558081056923,494.58325118850917,265.9677967168391,1120.1630854417483
9B GRPO-32K,40,0.875,0.02221651502259192,0.2844495475292206,0.1299720760434866,6499.9443359375,0.0068359375,,1192.5789000550285,773.4668760215864,343.5258294688538,797.131221218265
9B GRPO-32K,41,0.8984375,0.018808938009897247,0.2926395535469055,0.12488744035363197,5874.48046875,0.005859375,,775.9159436067566,466.3991247480735,256.8655079053715,1120.4892838761218
9B GRPO-32K,42,0.890625,0.010849118181795347,0.2744722068309784,0.1288767047226429,6334.826171875,0.0126953125,,791.9555194387212,464.3868894511834,271.5757566578686,1168.8557340392726
9B GRPO-32K,43,0.9052734375,0.018531507059378782,0.2740003168582916,0.12736812978982925,6167.90625,0.001953125,,900.3671952812001,582.7723411535844,263.3457942735404,1011.054161869693
9B GRPO-32K,44,0.869140625,0.01444475751304708,0.2939385771751404,0.11681605875492096,6811.2294921875,0.009765625,,826.5970617281273,486.39229169208556,281.0919203395024,1198.427167075776
9B GRPO-32K,45,0.916015625,0.013934750645603344,0.27258363366127014,0.11326185613870621,6217.794921875,0.005859375,,791.0929637914523,448.0486483676359,258.83348776586354,1154.1307934584174
9B GRPO-32K,46,0.9072265625,0.010820638613949995,0.2636924982070923,0.12766796350479126,5560.7060546875,0.001953125,,745.1156051624566,458.00934776011854,236.2292964057997,1111.9635252027156
9B GRPO-32K,47,0.9033203125,0.01164911666091939,0.2534978985786438,0.1145712723955512,5618.046875,0.0009765625,,733.3686094628647,448.1742926891893,234.71795001532882,1137.3230176989664
9B GRPO-32K,48,0.8818359375,0.01068292493437184,0.24380479753017426,0.15295861661434174,5740.9091796875,0.005859375,,730.8009371999651,438.0788849340752,241.53573714289814,1163.3433014705781
9B GRPO-32K,49,0.8818359375,0.019409085689403582,0.26385223865509033,0.15454060956835747,5261.9482421875,0.005859375,,1416.9587859082967,1130.4859082223848,239.179567608051,557.3432218734343
9B GRPO-32K,50,0.869140625,-0.002164725123293465,0.265124648809433,0.14501857198774815,6168.681640625,0.0048828125,,825.97123272717,482.3001590166241,257.8146921256557,1098.3061080768305
9B GRPO-32K,51,0.9169921875,0.02373370128964325,0.2726200520992279,0.10798487439751625,5575.36328125,0.005859375,,759.8374259863049,468.20870289206505,240.82468245644122,1096.9405710939839
9B GRPO-32K,52,0.9169921875,0.007124665367882699,0.23543204367160797,0.1067403219640255,5958.806640625,0.005859375,,783.1745505267754,480.34796557947993,248.79542389512062,1121.8370788594239
9B GRPO-32K,53,0.8955078125,0.01187133406438079,0.26723337173461914,0.12407595291733742,6233.9296875,0.0068359375,,783.9968202728778,466.0655506076291,262.180527407676,1169.844030337745
9B GRPO-32K,54,0.9091796875,0.019023566714167828,0.2449662834405899,0.1360105760395527,5881.9140625,0.0009765625,,939.8263722416013,641.032512711361,247.40172821562737,928.1427141903605
9B GRPO-32K,55,0.912109375,0.015011286848675809,0.22284258902072906,0.13522600941359997,6054.7880859375,0.0126953125,,1073.1764917597175,721.382111184299,267.50280498340726,827.1788301515988
9B GRPO-32K,56,0.89453125,0.022889026295160875,0.25354498624801636,0.14040972292423248,5886.798828125,0.001953125,,970.3016950748861,659.1793315066025,258.16656959895045,898.89799680571
9B GRPO-32K,57,0.90625,0.00798131025658222,0.24453432857990265,0.12373827956616879,5486.1025390625,0.00390625,,870.7629142208025,583.5296919904649,236.76391449943185,941.3241097130066
9B GRPO-32K,58,0.89453125,0.009241490965450794,0.22962284088134766,0.1253290455788374,6025.8095703125,0.0029296875,,768.9447605526075,462.4791722325608,253.83538037817925,1156.700286716043
9B GRPO-32K,59,0.923828125,0.010474053866346367,0.2433125376701355,0.14734264463186264,5207.7412109375,0.00390625,,1178.1167196668684,896.022850304842,234.4928800771013,665.8362978006212
9B GRPO-32K,60,0.912109375,0.02086331161990529,0.22463035583496094,0.14968272857367992,5155.77734375,0.0078125,,897.8828951893374,596.7350345076993,222.56112293247133,864.7892772656762
9B GRPO-32K,61,0.91015625,0.031433106916665565,0.23402920365333557,0.18697700835764408,4870.29296875,0.0009765625,,930.7328177029267,642.9300486845896,230.0833107791841,795.1922247961717
9B GRPO-32K,62,0.9140625,0.017543900252803724,0.21580709517002106,0.15446753799915314,5251.3837890625,0.0009765625,,692.0613704621792,415.95767988450825,228.66560852713883,1139.757482018145
9B GRPO-32K,63,0.923828125,0.009577677366905846,0.2164653241634369,0.17539783380925655,4485.873046875,0.0009765625,,1226.6919346824288,976.5063595278189,207.46924004890025,562.744997731408
9B GRPO-32K,64,0.8876953125,0.008345188747625798,0.2226477414369583,0.13497109338641167,4523.07421875,0.0009765625,,733.3513742927462,476.3756125755608,202.68053506035358,946.3342189401343
9B GRPO-32K,65,0.9384765625,0.004948301921103848,0.21760982275009155,0.12600802816450596,4597.880859375,0.0029296875,,646.4160720091313,374.11843750439584,198.00975430384278,1088.7163554158328
9B GRPO-32K,66,0.921875,0.0030449040996245458,0.22375431656837463,0.1425179447978735,4815.2568359375,0.0009765625,,664.1689192159101,414.1523323720321,205.71290500741452,1104.5682111503813
9B GRPO-32K,67,0.9189453125,0.0029008453911956167,0.232654869556427,0.12732752785086632,5040.55859375,0.0009765625,,793.8133864682168,524.554965772666,222.62769645825028,959.8320121432048
9B GRPO-32K,68,0.900390625,0.00028098833672629553,0.21835879981517792,0.12862603738904,5449.009765625,0.0009765625,,673.6203550463542,388.07380285393447,236.09342276770622,1213.3188135975456
9B GRPO-32K,69,0.9365234375,0.009460508539632428,0.2104402482509613,0.11491165542975068,5195.34765625,0.0048828125,,1229.1521305991337,944.185220961459,236.22603902220726,638.2240899811306
9B GRPO-32K,70,0.9228515625,0.005472064434798085,0.18467088043689728,0.1177938636392355,4730.3837890625,0.0009765625,,659.6346733290702,379.89899601973593,206.65157875977457,1093.500924321729
9B GRPO-32K,71,0.9375,0.0048712777643231675,0.21274514496326447,0.13652809336781502,5289.9443359375,0.00390625,,784.8165807984769,510.5191905070096,226.1921709580347,1012.5816584958958
9B GRPO-32K,72,0.908203125,0.005900128664507065,0.1982923448085785,0.10291831940412521,5581.58984375,0.0009765625,,919.03426428698,618.7545223264024,250.50012144446373,907.622851958793
9B GRPO-32K,73,0.91015625,0.014159454020955309,0.2017732709646225,0.16175740770995617,4900.5009765625,0.0009765625,,778.8583462797105,518.4692487688735,213.7630977416411,952.8396640349806
9B GRPO-32K,74,0.912109375,0.0023363636355497874,0.2086467742919922,0.16819074004888535,5399.5556640625,0.0009765625,,648.8294879402965,371.8533665519208,227.50792773719877,1243.3376410817993
9B GRPO-32K,75,0.90625,0.006705170879286015,0.20067787170410156,0.14579901657998562,5025.9150390625,0.0009765625,,727.6256700232625,436.1200523832813,214.9527604598552,1045.370107648459
9B GRPO-32K,76,0.9365234375,0.013901361729949713,0.21729566156864166,0.18216568790376186,5400.048828125,0.005859375,,748.3120684884489,468.6048654699698,229.33576834201813,1080.9958626405432
9B GRPO-32K,77,0.90625,0.0012186038584331982,0.20761701464653015,0.20903720147907734,5379.2021484375,0.005859375,,722.5586299197748,446.14599430933595,227.56638246122748,1114.8574546669515
9B GRPO-32K,78,0.888671875,0.0064520135638304055,0.21366767585277557,0.19409390166401863,5569.47265625,0.0029296875,,1364.7161514880136,1068.8167229862884,244.63100963272154,607.9538950977875
9B GRPO-32K,79,0.9130859375,0.009494009199443099,0.2270105630159378,0.21174110658466816,5933.2177734375,0.0107421875,,763.5857696766034,456.38551225699484,253.30042621027678,1146.9633272119831
9B GRPO-32K,80,0.8857421875,0.0059585933850030415,0.23538482189178467,0.30111368745565414,5965.5107421875,0.0078125,,940.4383763261139,586.7100011399016,270.8623088905588,934.5741274760808
9B GRPO-32K,81,0.9365234375,0.005675718566635624,0.22035403549671173,0.2004646509885788,5968.8251953125,0.0009765625,,1737.3934319876134,1429.8313017431647,254.95645339693874,507.79380695062383
9B GRPO-32K,82,0.9345703125,0.013791252211376559,0.2121003121137619,0.130801722407341,5596.9970703125,0.0009765625,,1028.4329840112478,743.3064896315336,235.43449761159718,812.0894973073576
9B GRPO-32K,83,0.88671875,0.018170567718698294,0.2449687421321869,0.1401088498532772,5974.392578125,0.0087890625,,799.8095333008096,484.30355629418045,262.21536753792316,1103.2092182729011
9B GRPO-32K,84,0.93359375,0.011983015147052356,0.2221459299325943,0.1499720048159361,5159.0537109375,0.0009765625,,703.7983705224469,434.3339979322627,222.13866648823023,1100.6147604817374
9B GRPO-32K,85,0.88671875,0.01777936265716562,0.23401619493961334,0.0939511633478105,5702.84765625,0.009765625,,787.9903674181551,462.32014326099306,244.14510454889387,1077.2866460048072
9B GRPO-32K,86,0.8837890625,0.01580904998263577,0.2329820692539215,0.14763275533914566,5491.2978515625,0.01171875,,1084.4794675707817,791.6798467673361,241.3023756397888,755.6603416712572
9B GRPO-32K,87,0.9072265625,0.006741082135704346,0.2301395833492279,0.10246131010353565,5619.6923828125,0.0087890625,,748.0542662860826,458.22454938851297,238.85173035319895,1115.5428992378243
9B GRPO-32K,88,0.9482421875,0.004278501219232567,0.22124400734901428,0.10219636745750904,4990.962890625,0.0009765625,,1192.495615885593,932.205316208303,214.2118017403409,634.0738195825304
9B GRPO-32K,89,0.9296875,0.004700042427430162,0.2406662404537201,0.12323815748095512,5406.384765625,0.0009765625,,859.7711365185678,574.6442621378228,236.07128720451146,940.1214063465412
9B GRPO-32K,90,0.9033203125,-0.0025114628588198684,0.21179206669330597,0.11440190766006708,5434.21875,0.0009765625,,758.5216977121308,446.7756921723485,233.10657675098628,1073.1294865462385
9B GRPO-32K,91,0.8818359375,0.005985050662275171,0.22571450471878052,0.1117300670593977,5387.916015625,0.0068359375,,731.7879377482459,452.2920272704214,228.7391902450472,1100.030771861311
9B GRPO-32K,92,0.923828125,0.005205631559874746,0.2430819272994995,0.13679041899740696,5828.2568359375,0.0048828125,,762.2512647723779,460.0505212340504,250.18342995643616,1131.7893650955375
9B GRPO-32K,93,0.8818359375,0.022394267507479526,0.2635994851589203,0.10947016347199678,6180.03515625,0.0068359375,,809.360922517255,490.43141592200845,264.28217865433544,1122.1860047000685
9B GRPO-32K,94,0.9091796875,0.016363335617825214,0.24645854532718658,0.14781946875154972,5170.1953125,0.0029296875,,825.2342334622517,555.0721820797771,222.72910858504474,940.4832816300047
9B GRPO-32K,95,0.8759765625,0.005187425740587059,0.2568918466567993,0.1387464851140976,5364.861328125,0.0009765625,,1010.7864864189178,697.0060440870002,234.35811851732433,793.7118875048949
9B GRPO-32K,96,0.9296875,0.005364955559343798,0.249197855591774,0.16164278611540794,4992.83203125,0.0009765625,,794.3794118016958,524.5217965822667,223.62413270957768,949.9346141014743
9B GRPO-32K,97,0.90234375,0.008867054173606448,0.23816505074501038,0.09894216759130359,5618.6611328125,0.0009765625,,712.8930049808696,424.705137392506,237.53164904844016,1174.3706547134184
9B GRPO-32K,98,0.9306640625,0.007711454016316566,0.23824650049209595,0.14687082543969154,5176.7353515625,0.0009765625,,859.2658334095031,586.619287491776,224.75483208615333,908.5117720815527
9B GRPO-32K,99,0.90625,0.02620717231366143,0.24196767807006836,0.12851437740027905,5921.8583984375,0.0068359375,,750.7886532638222,448.23580352123827,249.48973114416003,1168.2180746700737
9B GRPO-32K,100,0.9521484375,0.0056156391656259075,0.25747931003570557,0.12407442927360535,5592.7646484375,0.0009765625,,746.1719153812155,426.1678829891607,238.79031856544316,1116.698253879332
9B SUPO-4Kx8,40,,,,,,,,,,,
9B SUPO-4Kx8,41,0.8818359375,-0.016395773493059096,0.3231068551540375,0.29789595678448677,1623.978515625,0.0009765625,,669.8120605400763,392.10665034491103,190.67903680400923,508.64305089593927
9B SUPO-4Kx8,42,0.82421875,0.009534335666103289,0.3598007261753082,0.36994046717882156,1608.25,0.0009765625,,496.04359146300703,379.98556912201457,89.84220921702217,683.2453958338766
9B SUPO-4Kx8,43,0.845703125,-0.00029170171546866186,0.3717893064022064,0.3856378011405468,1589.7998046875,0.0009765625,,1247.0584041660186,1129.0056237840327,90.64361921697855,275.10940855206866
9B SUPO-4Kx8,44,0.791015625,-0.015396177139336942,0.39288246631622314,0.3655759133398533,1617.0771484375,0.0009765625,,576.5220770030282,458.18427012709435,91.65813896106556,602.5695092300434
9B SUPO-4Kx8,45,0.8359375,0.023543931095673543,0.35943734645843506,0.3295581378042698,1594.93359375,0.0009765625,,529.9115928640822,392.08509033406153,91.847538335016,649.5453763139029
9B SUPO-4Kx8,46,0.888671875,0.0017827783940447262,0.3635300397872925,0.2399042509496212,1647.76171875,0.0009765625,,1429.1843675960554,1309.6597627250012,93.34118185192347,240.98666540784978
9B SUPO-4Kx8,47,0.869140625,0.014090417760598939,0.35054314136505127,0.22106641344726086,1636.697265625,0.0009765625,,497.19610869092867,380.10316006303765,90.71431587892585,695.8788372478518
9B SUPO-4Kx8,48,0.83203125,-0.0019120595025015064,0.3564547002315521,0.2636568509042263,1673.353515625,0.0009765625,,595.8345192410052,474.2991789309308,94.580919294036,588.4416959370266
9B SUPO-4Kx8,49,0.837890625,0.012431045194716717,0.3586723804473877,0.2260471973568201,1670.2568359375,0.0009765625,,504.64903714100365,386.3500384859508,91.72338918503374,692.0544760742658
9B SUPO-4Kx8,50,0.7890625,0.0293145343193828,0.40735042095184326,0.2995487451553345,1674.701171875,0.0009765625,,620.6431944790529,470.3514794090297,92.63086651696358,572.0349923404864
9B SUPO-4Kx8,51,0.8173828125,0.013821414160702261,0.4392768442630768,0.25101728178560734,1615.9287109375,0.0009765625,,765.2933640750125,647.3423440870829,92.2220799389761,452.9271273885302
9B SUPO-4Kx8,52,0.83984375,0.003736593297617219,0.40657198429107666,0.2656972073018551,1666.5361328125,0.0009765625,,518.4507592149312,394.71162998396903,95.91908328805584,675.0443388875663
9B SUPO-4Kx8,53,0.83984375,0.004769100842167973,0.42487773299217224,0.25458522513508797,1630.619140625,0.0009765625,,494.6366203340003,378.0399764600443,90.18636172392871,702.3347761138671
9B SUPO-4Kx8,54,0.8447265625,0.020745831527165137,0.42075204849243164,0.26338159292936325,1594.9228515625,0.0009765625,,522.6178596770624,406.0364521709271,90.25988207804039,658.5909161479552
9B SUPO-4Kx8,55,0.83203125,0.0035829561122682207,0.3905772268772125,0.21481555327773094,1724.3759765625,0.001953125,,784.7343920029234,632.9709714179626,94.1453558789799,446.98197068275465
9B SUPO-4Kx8,56,0.8310546875,0.005964455812318192,0.40950828790664673,0.2502742279320955,1646.265625,0.0009765625,,494.02086314198095,378.1143196360208,89.54301339201629,700.8388224699212
9B SUPO-4Kx8,57,0.8681640625,0.013390344858635217,0.3884136974811554,0.20277005061507225,1682.9912109375,0.0009765625,,855.6495682540117,735.3086668449687,93.97202561702579,406.9763346115816
9B SUPO-4Kx8,58,0.8603515625,0.00791078778274823,0.39059364795684814,0.23072711750864983,1686.7587890625,0.0009765625,,484.8248844969785,366.1079303319566,92.00836002302822,727.7369856253714
9B SUPO-4Kx8,59,0.888671875,-0.010189084682679095,0.38586974143981934,0.1953621031716466,1624.5498046875,0.0009765625,,489.84454735904,370.0159942660248,91.98990137805231,698.148273454878
9B SUPO-4Kx8,60,0.8662109375,0.003101586999036954,0.40305954217910767,0.222270205616951,1675.0263671875,0.0009765625,,508.8592627609614,359.91410627693404,91.54092003393453,679.1000975889302
9B SUPO-4Kx8,61,0.8583984375,0.010305831621735706,0.42436325550079346,0.2796470336616039,1643.966796875,0.0009765625,,496.569654176943,379.96518767403904,90.344488286064,694.8879116907221
9B SUPO-4Kx8,62,0.8505859375,-0.005492800140018517,0.4357737898826599,0.25648751109838486,1592.5947265625,0.0009765625,,684.1640321050072,568.6195320989937,89.97633638000116,494.85848292597217
9B SUPO-4Kx8,63,0.8994140625,0.0026238975224259775,0.43500733375549316,0.19792690128087997,1646.330078125,0.0009765625,,657.3764977679821,540.7682725539198,90.9912119229557,521.7392562169949
9B SUPO-4Kx8,64,0.8466796875,0.009467511388720595,0.4416970908641815,0.20500624179840088,1615.2978515625,0.0009765625,,491.4321698610438,375.99198616400827,89.71740461001173,686.720407610727
9B SUPO-4Kx8,65,0.8955078125,0.005085261574095057,0.43126100301742554,0.18360588140785694,1616.7587890625,0.0009765625,,508.7820387969259,364.0256895440398,87.89547835593112,661.7821568469142
9B SUPO-4Kx8,66,0.890625,0.0141672014933647,0.43590062856674194,0.21444922126829624,1621.744140625,0.0009765625,,510.192754238029,393.9882528949529,89.94288678397425,672.8185027101536
9B SUPO-4Kx8,67,0.8466796875,0.010096274361785618,0.4344893991947174,0.2070850320160389,1681.9208984375,0.0009765625,,1821.5387006029487,1703.1636299500242,91.68298723304179,191.70578142776284
9B SUPO-4Kx8,68,0.8330078125,0.008129664967782446,0.40902113914489746,0.22163176909089088,1601.181640625,0.0009765625,,542.8286330950214,424.1188628108939,92.05152676801663,634.3620325196111
9B SUPO-4Kx8,69,0.8759765625,-0.003952758930680034,0.4090051054954529,0.21746332570910454,1604.58984375,0.0009765625,,512.0547742670169,396.2993166099768,89.43199982796796,667.9800525043792
9B SUPO-4Kx8,70,0.8603515625,0.008096559135083226,0.38616788387298584,0.20368870347738266,1589.8896484375,0.0009765625,,537.7106415149756,390.2241254920373,90.29001786094159,631.555522210252
9B SUPO-4Kx8,71,0.826171875,0.009013640870762174,0.42017021775245667,0.2519587241113186,1674.375,0.0009765625,,774.0237708430504,655.0488197719678,92.70454933994915,457.35142554398516
9B SUPO-4Kx8,72,0.8701171875,0.017150259417576308,0.3737024962902069,0.25057393684983253,1551.4375,0.0009765625,,870.4313243799843,753.5420964779332,90.51241110009141,391.9253770456847
9B SUPO-4Kx8,73,0.83984375,-0.0021374785537773278,0.38302698731422424,0.1992195714265108,1543.0380859375,0.0009765625,,692.9493708759546,579.1818026199471,88.2551676640287,480.0072905464008
9B SUPO-4Kx8,74,0.8515625,0.01356936720185331,0.3747856020927429,0.22139188274741173,1531.6533203125,0.0009765625,,510.6751339249313,394.15184779302217,90.23416749702301,655.8930085858401
9B SUPO-4Kx8,75,0.8564453125,0.01785899278092984,0.3930499851703644,0.22522378899157047,1565.8837890625,0.0009765625,,530.4599357061088,379.8737299880013,91.91091781191062,641.6346967786287
9B SUPO-4Kx8,76,0.8759765625,0.010572481186500227,0.4013786017894745,0.1893855258822441,1553.6162109375,0.0009765625,,502.41766459599603,388.279851235915,88.31113306898624,665.8785082109276
9B SUPO-4Kx8,77,0.853515625,0.0077849631179560674,0.41957274079322815,0.1786678209900856,1603.1435546875,0.0009765625,,495.0011917150114,376.6352659709519,92.091976380907,689.8975814923148
9B SUPO-4Kx8,78,0.865234375,0.014045916141185444,0.4127330183982849,0.19469479657709599,1563.755859375,0.0009765625,,478.5337703509722,365.95599337492604,86.37884388607927,698.7121823288907
9B SUPO-4Kx8,79,0.849609375,0.008557814097002847,0.38931190967559814,0.19404219649732113,1544.0087890625,0.0009765625,,491.05012247897685,376.02418076700997,88.96477439603768,679.0594986854442
9B SUPO-4Kx8,80,0.841796875,0.004288363290470443,0.42932990193367004,0.23836536332964897,1587.876953125,0.0009765625,,1130.0392282609828,978.2952783850487,93.71091370703653,296.9777434332518
9B SUPO-4Kx8,81,0.8837890625,0.008384225267946022,0.3948512077331543,0.22732575703412294,1571.068359375,0.0009765625,,512.7136386199854,396.1689965650439,90.9309117209632,662.9380406475321
9B SUPO-4Kx8,82,0.8642578125,0.028747839888637827,0.45890939235687256,0.2456301748752594,1568.361328125,0.0009765625,,512.1959558970993,394.01890309504233,91.93611506605521,663.8162525209534
9B SUPO-4Kx8,83,0.8232421875,0.0016703679102647584,0.4751026928424835,0.20884130522608757,1619.5048828125,0.0009765625,,668.3231603919994,550.5940930830548,91.32036974991206,512.5271280425022
9B SUPO-4Kx8,84,0.8994140625,-0.002740550316957524,0.4309937357902527,0.15986237674951553,1637.7119140625,0.0009765625,,726.816508609103,612.8215383299394,88.07566055399366,465.534107979344
9B SUPO-4Kx8,85,0.83203125,-0.0029886325737606967,0.4644414782524109,0.22635729983448982,1706.189453125,0.0009765625,,540.3598985909484,388.08942587301135,92.62426325399429,655.8411364798054
9B SUPO-4Kx8,86,0.828125,0.018991884560819017,0.4367213547229767,0.21327492408454418,1703.623046875,0.0009765625,,596.1390457330272,474.382841880084,94.98242861800827,592.1131194585065
9B SUPO-4Kx8,87,0.880859375,-0.0077870340828667395,0.4029954671859741,0.17165261134505272,1697.3369140625,0.0009765625,,627.8715807530098,510.5143396630883,88.90833344892599,554.7169368333135
9B SUPO-4Kx8,88,0.892578125,0.0015319667400035542,0.4143809378147125,0.18902411591261625,1805.404296875,0.0009765625,,748.4321550430031,626.9363472620025,94.86543919495307,485.8683550002019
9B SUPO-4Kx8,89,0.89453125,-0.003012504151286066,0.38449469208717346,0.15411245450377464,1659.95703125,0.0009765625,,632.1723844399676,516.814770795987,89.36230657808483,544.1007998233173
9B SUPO-4Kx8,90,0.8720703125,0.000479896573779115,0.4048674702644348,0.18632463878020644,1659.7236328125,0.0009765625,,1368.5148954479955,1215.0752256519627,93.85426065104548,256.2674883309862
9B SUPO-4Kx8,91,0.83203125,0.0015876130255492171,0.3777528405189514,0.17730586417019367,1722.3994140625,0.0009765625,,515.7679540480021,399.8773664130131,88.99628861702513,679.6392103247575
9B SUPO-4Kx8,92,0.888671875,0.00915192529646447,0.38014206290245056,0.1860615536570549,1691.4912109375,0.0009765625,,1062.8373710990418,942.8526468069758,93.5347823590273,329.93076790044773
9B SUPO-4Kx8,93,0.837890625,-0.008095503920003466,0.41233837604522705,0.2120494283735752,1685.171875,0.0009765625,,521.5373912870418,402.1709566600621,90.99203862797003,673.629553449678
9B SUPO-4Kx8,94,0.8671875,0.005354567980248248,0.4209909439086914,0.18244667910039425,1659.8544921875,0.0009765625,,631.8465446300106,512.566696633934,93.53423743299209,542.8353259426991
9B SUPO-4Kx8,95,0.8466796875,-0.017852782716545335,0.4303521513938904,0.1843311283737421,1738.40625,0.0009765625,,736.0923154869815,584.8975365550723,92.6205849830294,480.981960483816
9B SUPO-4Kx8,96,0.8857421875,0.0002147387476725271,0.40881457924842834,0.21273788437247276,1729.6787109375,0.0009765625,,512.7390270659234,394.31945579801686,91.36528643011115,687.7046243539877
9B SUPO-4Kx8,97,0.845703125,0.007341759839619044,0.4099963307380676,0.20985525660216808,1660.4091796875,0.0009765625,,538.1671154969372,422.29999397706706,89.59941320098005,642.3915360951993
9B SUPO-4Kx8,98,0.8935546875,0.004107034495973494,0.359844446182251,0.20319543033838272,1740.6484375,0.0009765625,,468.10459436895326,347.8320120240096,93.18178912205622,755.2799187468282
9B SUPO-4Kx8,99,0.87890625,0.004071256864335737,0.3796214759349823,0.19430726766586304,1651.6591796875,0.0009765625,,800.3790518050082,683.5854349039728,90.48967425199226,433.53552197232653
9B SUPO-4Kx8,100,0.916015625,-0.007872870950450306,0.3548493981361389,0.19987516850233078,1686.4541015625,0.0009765625,,591.2743074389873,442.40949591994286,89.3657307899557,585.2275257803356
9B GRPO-32K+think,0,,,,,,,,,,,
9B GRPO-32K+think,1,0.818359375,-0.008769250343902968,0.3142349123954773,0.283833771944046,3956.2451171875,0.0029296875,,895.8339206837118,410.0358208026737,375.37767655961215,694.6381027021926
9B GRPO-32K+think,2,0.83984375,-0.0038747950093238614,0.3263591527938843,0.20989713817834854,4107.9794921875,0.0029296875,,631.505727738142,372.0892300326377,196.33405974321067,1016.7910547697437
9B GRPO-32K+think,3,0.822265625,-0.00180125196766312,0.315515398979187,0.21653348207473755,4427.7421875,0.0068359375,,692.9054407449439,416.01530405599624,200.21014134585857,986.3539233653897
9B GRPO-32K+think,4,0.8828125,-3.519693473208463e-05,0.3230219781398773,0.17844557389616966,4242.8896484375,0.0009765625,,597.2578203091398,367.9193640407175,188.71954046096653,1106.3394275155517
9B GRPO-32K+think,5,0.861328125,0.006547340072756924,0.3260391056537628,0.17765015363693237,4435.39453125,0.0009765625,,673.6268410580233,414.16583336517215,195.17235782928765,1016.0840665507916
9B GRPO-32K+think,6,0.890625,0.006347731243295129,0.30224236845970154,0.1784873977303505,4372.5751953125,0.0009765625,,634.516822556965,394.0113957878202,198.9119026986882,1070.6707857836334
9B GRPO-32K+think,7,0.89453125,0.013429162102966075,0.3276791572570801,0.16479114815592766,4661.39453125,0.0009765625,,1066.569745390676,811.5653263088316,211.3878041608259,669.1409568706476
9B GRPO-32K+think,8,0.8583984375,0.00024283316413686862,0.36144235730171204,0.14953534305095673,5493.9853515625,0.0009765625,,891.7532544853166,602.9643182605505,238.5884199719876,922.4627113637799
9B GRPO-32K+think,9,0.87109375,0.005247437813522993,0.40822634100914,0.12604043260216713,6356.8896484375,0.009765625,,849.1094256490469,480.77188635151833,312.2977801328525,1096.9750739582378
9B GRPO-32K+think,10,0.87109375,0.004489737151743611,0.396380215883255,0.14010859094560146,6208.0537109375,0.0107421875,,823.7552774250507,478.2372916666791,259.6619972549379,1105.6813837321606
9B GRPO-32K+think,11,0.8583984375,0.010944465946522541,0.41485339403152466,0.08581484109163284,6994.3466796875,0.017578125,,876.8637974178419,526.3257748782635,288.12790343817323,1154.3860950592411
9B GRPO-32K+think,12,0.8955078125,0.007824450879525102,0.3988587558269501,0.13477233424782753,6791.248046875,0.0048828125,,960.3516973229125,608.9149173907936,281.65442645922303,1029.7610268787573
9B GRPO-32K+think,13,0.8994140625,0.015689692132582422,0.38843801617622375,0.10929307900369167,7040.6953125,0.0048828125,,892.0643772929907,540.6488313525915,291.51423637010157,1140.0746693710523
9B GRPO-32K+think,14,0.84765625,0.005300445045577362,0.40857866406440735,0.11020687595009804,7669.4853515625,0.013671875,,911.1091896453872,530.5042322408408,314.05411654151976,1205.4319476543328
9B GRPO-32K+think,15,0.9130859375,0.014773155198781751,0.42471572756767273,0.10636202618479729,7326.197265625,0.0166015625,,876.4828002201393,512.485601994209,300.6897402573377,1200.8361712695887
9B GRPO-32K+think,16,0.892578125,0.019527679000020726,0.4243682622909546,0.09556221775710583,7689.2373046875,0.015625,,935.592198913917,546.6018570326269,322.71633161604404,1178.8152747321872
9B GRPO-32K+think,17,0.845703125,0.01743451867650947,0.4325389564037323,0.11390623636543751,7924.306640625,0.0205078125,,938.3858330119401,544.7508195079863,324.86896975617856,1205.6994150993366
9B GRPO-32K+think,18,0.884765625,0.020053337495482992,0.34866970777511597,0.11143981106579304,7658.0615234375,0.01953125,,1151.0260094441473,739.3641071356833,344.52145994547755,953.3840816767824
9B GRPO-32K+think,19,0.849609375,0.012526241716841469,0.3947271406650543,0.11305915005505085,8477.5927734375,0.0224609375,,1131.6349409781396,707.0662108343095,353.11382351163775,1062.630563493028
9B GRPO-32K+think,20,0.923828125,0.014315118254671688,0.3879874050617218,0.0958345364779234,7159.7373046875,0.009765625,,881.9505945937708,506.45282406918705,294.163465347141,1173.1636458350292
9B GRPO-32K+think,21,0.8974609375,0.024557783338423178,0.4329271912574768,0.10055071674287319,7910.6181640625,0.01171875,,1864.5224295491353,1462.0513583319262,336.16130154859275,604.7549265860334
9B GRPO-32K+think,22,0.8955078125,0.011618131589784753,0.4207880198955536,0.09725606441497803,8161.5654296875,0.0126953125,,957.9254003027454,556.5660852864385,332.19300734065473,1212.567674510876
9B GRPO-32K+think,23,0.8896484375,0.01455154103678069,0.4180315136909485,0.09060834534466267,8022.7890625,0.0087890625,,1128.9121306687593,733.15837411955,327.8256633961573,1014.0426069492668
9B GRPO-32K+think,24,0.8984375,0.012789920068826177,0.4325549900531769,0.0811194647103548,7716.2568359375,0.015625,,1111.4911258509383,729.1643388085067,316.12958141136914,993.2097965738051
9B GRPO-32K+think,25,0.857421875,0.012013655131340784,0.41626548767089844,0.07851591147482395,9071.20703125,0.015625,,1457.3282274259254,992.2271779226139,389.9165957868099,875.8332378248516
9B GRPO-32K+think,26,0.8720703125,0.024201745303798816,0.41227686405181885,0.09485081769526005,9405.0556640625,0.04296875,,1792.6874427376315,1283.3961969064549,429.5657394826412,737.8799524472356
9B GRPO-32K+think,27,0.91796875,0.013367499472224154,0.3846162259578705,0.09311839565634727,8947.9599609375,0.0234375,,1006.4319465318695,570.6969415554777,360.784094912,1253.4000727490368
9B GRPO-32K+think,28,0.921875,0.01387714002521534,0.3604814410209656,0.05910896323621273,8486.212890625,0.0166015625,,1009.5458068326116,598.9748340062797,339.34008468221873,1188.6793465717114
9B GRPO-32K+think,29,0.8876953125,0.008824009280942846,0.3540387451648712,0.07781570497900248,9281.0029296875,0.0185546875,,1709.264231636189,1253.1059521138668,380.3434511590749,763.4819420229717
9B GRPO-32K+think,30,0.9208984375,0.012840144438087009,0.3598601520061493,0.06682678870856762,8567.7646484375,0.01953125,,1024.5430133659393,576.6262105768546,346.34270456805825,1183.5978179345361
9B GRPO-32K+think,31,0.8671875,0.020346518823316728,0.3797960877418518,0.08488996978849173,9453.607421875,0.015625,,1119.2615253292024,662.7851139027625,379.2528880648315,1184.8542275318032
9B GRPO-32K+think,32,0.8837890625,0.023196798749268055,0.36538898944854736,0.07909700181335211,8886.1728515625,0.0087890625,,1917.3544512512162,1472.1919221291319,372.8574088457972,653.9443576443439
9B GRPO-32K+think,33,0.8701171875,0.016605162374617066,0.3330281376838684,0.07392191793769598,9863.525390625,0.0322265625,,1067.9936529574916,580.4644906315953,406.66059171035886,1292.713909091884
9B GRPO-32K+think,34,0.896484375,0.013624968130898196,0.32577046751976013,0.07550365384668112,9057.7880859375,0.017578125,,1087.388568018563,648.7178489174694,363.3824485950172,1173.1775673571567
9B GRPO-32K+think,35,0.908203125,0.009691460989415646,0.3637995421886444,0.057106466963887215,10299.501953125,0.0322265625,,1103.959360389039,611.1570909479633,409.2186350924894,1299.8035086131486
9B GRPO-32K+think,36,0.869140625,0.007120951049728319,0.321076899766922,0.08230359759181738,9805.9228515625,0.0166015625,,1048.9756492031738,576.5958231110126,392.3644427303225,1306.5633373292353
9B GRPO-32K+think,37,0.9111328125,0.0069362976209959015,0.3345945477485657,0.06596157047897577,8063.197265625,0.0107421875,,932.1793505512178,538.5188342453912,325.82396697998047,1233.2683075635612
9B GRPO-32K+think,38,0.896484375,0.014442559198414529,0.3240702450275421,0.086097976192832,8318.6376953125,0.021484375,,968.2570882188156,552.511551448144,345.5198782524094,1217.1319366924918
9B GRPO-32K+think,39,0.9228515625,0.004843635389988776,0.30250251293182373,0.06993701960891485,8538.3505859375,0.0078125,,961.3893761709332,548.4671457195655,342.49826993979514,1261.25158552242
9B GRPO-32K+think,40,0.884765625,0.008678745813085698,0.303839772939682,0.06287953350692987,8635.5107421875,0.005859375,,1003.4678201079369,552.7545009627938,347.78721721004695,1219.5093360027927
9B GRPO-32K+think,41,0.9267578125,0.006326558165710594,0.30753424763679504,0.0665244422852993,8031.6201171875,0.0029296875,,918.2705119606107,520.4180646603927,331.68178415484726,1247.1960714002826
9B GRPO-32K+think,42,0.87109375,0.013000536328036105,0.29206305742263794,0.08411884307861328,8528.4052734375,0.01953125,,948.0483352579176,530.5399488667026,347.116543719545,1272.3020864456778
9B GRPO-32K+think,43,0.908203125,0.014689896648633294,0.29673609137535095,0.07675289455801249,8473.03125,0.0107421875,,960.7651074873284,550.3801485067233,340.0984412720427,1254.3336457666833
9B GRPO-32K+think,44,0.8779296875,0.008766150935116457,0.3119867444038391,0.07739270851016045,8958.138671875,0.00390625,,966.4587104581296,534.244665523991,358.82590396516025,1309.0727377274866
9B GRPO-32K+think,45,0.9189453125,0.0006558739696629345,0.2855263352394104,0.04281792137771845,9186.267578125,0.009765625,,1013.1395462602377,574.361618696712,363.88361421599984,1275.967614502677
9B GRPO-32K+think,46,0.908203125,0.011323650658596307,0.2759857773780823,0.06970211770385504,8355.78515625,0.009765625,,921.1780693596229,518.3427496543154,333.5054321894422,1287.5420501755025
9B GRPO-32K+think,47,0.9208984375,0.002122691730619408,0.26786693930625916,0.05590306781232357,8569.1025390625,0.0068359375,,940.633649402298,528.3554635336623,341.1905539687723,1288.0212458589515
9B GRPO-32K+think,48,0.9013671875,0.012612782287760638,0.26084616780281067,0.07428929023444653,8100.1728515625,0.009765625,,930.6790694724768,538.4013604298234,324.9535958394408,1237.7006884370096
9B GRPO-32K+think,49,0.8984375,0.007414695188344922,0.279983252286911,0.06781443301588297,7824.58984375,0.0068359375,,903.7824820475653,522.4353587497026,316.0744070680812,1236.4639968106699
9B GRPO-32K+think,50,0.8984375,0.007079832685121801,0.27291059494018555,0.08248831983655691,9189.3134765625,0.01171875,,1028.7822934137657,564.4018562203273,369.8782498249784,1257.3642968792287
9B GRPO-32K+think,51,0.9248046875,0.004636344441678375,0.2834708094596863,0.06008361838757992,8486.05859375,0.001953125,,954.4009615983814,542.8869270943105,341.3039413969964,1263.4202484253292
9B GRPO-32K+think,52,0.912109375,0.004975483810994774,0.24846722185611725,0.06251764157786965,8769.490234375,0.0126953125,,966.272946706973,544.4299493962899,348.61795258242637,1281.3209292668541
9B GRPO-32K+think,53,0.9111328125,0.006629397154028993,0.24864012002944946,0.077702053822577,9044.8623046875,0.0078125,,974.3118353784084,540.6969534028322,360.2336208578199,1310.3580687841584
9B GRPO-32K+think,54,0.912109375,0.009010818888782524,0.2255173921585083,0.06348429247736931,9344.869140625,0.0126953125,,1039.6613035909832,592.6036717100069,370.5817696005106,1265.1189819770912
9B GRPO-32K+think,55,0.90625,0.01478200568453758,0.22157391905784607,0.06492166686803102,9382.4248046875,0.0283203125,,1049.465351689607,596.499388627708,374.54182084742934,1251.4852185310185
9B GRPO-32K+think,56,0.896484375,0.00845122287137201,0.23108947277069092,0.06224198266863823,9560.4814453125,0.0087890625,,1043.7478935830295,584.6223526801914,380.75714346021414,1285.9212777833793
9B GRPO-32K+think,57,0.8955078125,0.004409284345456399,0.2386617660522461,0.0851991605013609,9160.138671875,0.0068359375,,982.1942128278315,542.7175647988915,364.12865375354886,1313.071012999411
9B GRPO-32K+think,58,0.89453125,0.011298684152279748,0.2284052073955536,0.06927016004920006,10638.6533203125,0.0166015625,,1103.007923741825,592.7549873925745,424.8281224947423,1341.44695894889
9B GRPO-32K+think,59,0.9375,0.013501272647772566,0.2215764969587326,0.06874123308807611,9376.3408203125,0.0078125,,1021.9420784907416,568.3613983476534,378.09988553542644,1289.464102452983
9B GRPO-32K+think,60,0.931640625,0.001603728102054447,0.22417394816875458,0.044178994838148355,9064.6650390625,0.0087890625,,987.9281186042354,538.5995086282492,356.80338797997683,1292.1599263755659
9B GRPO-32K+think,61,0.9130859375,0.005681651702616364,0.2401895970106125,0.06922924239188433,8943.177734375,0.01171875,,978.1030448107049,548.3164523728192,356.1543642692268,1289.4191023033577
9B GRPO-32K+think,62,0.912109375,0.008948157340739726,0.2361917942762375,0.06578759662806988,10203.9951171875,0.013671875,,1075.5075939428061,584.5680047022179,408.8531549507752,1322.5944502960378
9B GRPO-32K+think,63,0.92578125,0.0005352071384550072,0.2273910492658615,0.06113967299461365,8674.734375,0.001953125,,961.5250620739534,536.4305803701282,354.7858261670917,1275.300091871851
9B GRPO-32K+think,64,0.892578125,0.007348957296926528,0.23631496727466583,0.06986064091324806,8453.833984375,0.00390625,,915.244725911878,508.31763172801584,337.6470379140228,1307.7122611195884
9B GRPO-32K+think,65,0.935546875,0.007138710578146856,0.23417307436466217,0.05462756962515414,8766.5625,0.0146484375,,973.1164562664926,552.5613083727658,348.0365697098896,1271.2753874765576
9B GRPO-32K+think,66,0.9326171875,0.005265300424071029,0.24385090172290802,0.04622292472049594,8469.00390625,0.001953125,,928.6405068840832,522.3135045943782,336.5005237720907,1293.3352477051913
9B GRPO-32K+think,67,0.9248046875,0.00798753191884316,0.2761155068874359,0.07888530939817429,8923.0390625,0.001953125,,943.8294123709202,520.2262152116746,351.8218836020678,1333.5344115185987
9B GRPO-32K+think,68,0.87890625,0.001003288107312983,0.27624061703681946,0.06184837035834789,9219.0859375,0.0107421875,,976.6288880743086,532.260828810744,369.47681635059416,1330.7306550828907
9B GRPO-32K+think,69,0.923828125,0.0063329081422125455,0.29595136642456055,0.06818250473588705,8664.4091796875,0.0146484375,,960.9405631106347,542.4512409549206,346.08815059717745,1278.1835028631094
9B GRPO-32K+think,70,0.9248046875,0.0012971083233423997,0.3017626404762268,0.06543996464461088,8449.3193359375,0.0009765625,,932.3724561221898,510.26080401893705,334.40151162352413,1283.906304974672
9B GRPO-32K+think,71,0.9267578125,0.007218428538180888,0.34338200092315674,0.07300457917153835,9102.0478515625,0.013671875,,992.0950994174927,554.4499578028917,362.2409731177613,1292.6020154246805
9B GRPO-32K+think,72,0.908203125,0.007844315270631341,0.34055081009864807,0.08342918893322349,9661.2177734375,0.0107421875,,1021.1468750424683,546.5088862245902,397.167917647399,1327.9900356582912
9B GRPO-32K+think,73,0.90625,0.007027156119875144,0.3581695556640625,0.07031224574893713,8912.791015625,0.0068359375,,951.8036999851465,526.4772949116305,352.45657573919743,1319.015937865751
9B GRPO-32K+think,74,0.908203125,0.006379708243912319,0.36573538184165955,0.08450811263173819,9402.2333984375,0.0029296875,,985.8402096787468,540.5677012978122,369.7499174848199,1337.7430358919466
9B GRPO-32K+think,75,0.890625,0.0037824343027068608,0.3630804419517517,0.07600228022783995,9231.7412109375,0.001953125,,970.2538380166516,530.2297550691292,365.5504463557154,1338.5444345727094
9B GRPO-32K+think,76,0.9345703125,0.005337896138371434,0.33695852756500244,0.08257558848708868,8620.8857421875,0.005859375,,960.3144302042201,546.4197037722915,342.94454318564385,1271.389179000837
9B GRPO-32K+think,77,0.89453125,0.00949211286206264,0.2837083339691162,0.06617485731840134,8434.8955078125,0.0029296875,,939.354395410046,532.4964718529955,337.1967450696975,1273.6647966369912
9B GRPO-32K+think,78,0.8740234375,0.011163617826241534,0.26611199975013733,0.07762286812067032,8163.71875,0.015625,,935.6759314164519,540.488557995297,327.57111160829663,1241.340041996914
9B GRPO-32K+think,79,0.9130859375,0.008098406355202314,0.26918506622314453,0.08214852027595043,7638.416015625,0.009765625,,872.7988575994968,486.3248850470409,322.6154783796519,1253.2260330958418
9B GRPO-32K+think,80,0.8720703125,0.0079465870585409,0.27711766958236694,0.08287666365504265,7762.3955078125,0.0126953125,,880.638309511356,472.2856819489971,324.475361074321,1258.9216401625367
9B GRPO-32K+think,81,0.9248046875,0.009745850416948088,0.2851487994194031,0.07206479646265507,7658.4599609375,0.0048828125,,885.1489854753017,510.38429802283645,310.278075565584,1240.7570849897838
9B GRPO-32K+think,82,0.9326171875,0.00573992154932057,0.30934950709342957,0.06573529914021492,7373.5888671875,0.00390625,,865.9083483684808,504.46056906320155,299.19376022554934,1226.8358158246265
9B GRPO-32K+think,83,0.873046875,0.009961107752133103,0.3169217109680176,0.09481042250990868,7553.9736328125,0.0107421875,,884.2421352304518,512.6318063717335,307.2622519079596,1226.2338355063935
9B GRPO-32K+think,84,0.927734375,0.018420477726294848,0.28541332483291626,0.09483486972749233,6670.19921875,0.005859375,,812.1632641768083,480.3874878352508,273.59661568235606,1191.609547842481
9B GRPO-32K+think,85,0.8681640625,0.010728421940257249,0.2856803834438324,0.08623019699007273,7680.189453125,0.0087890625,,895.1762411883101,518.5278798667714,311.51602378394455,1230.7467505365103
9B GRPO-32K+think,86,0.869140625,0.0025878663509502076,0.2704896926879883,0.06938287895172834,8092.14453125,0.0166015625,,933.3864995017648,538.4260464878753,326.6773311197758,1234.376649560509
9B GRPO-32K+think,87,0.927734375,0.005772274220362306,0.24576492607593536,0.0608850559219718,7865.7119140625,0.009765625,,885.9950039815158,504.44627969060093,315.4097965955734,1266.0580702590532
9B GRPO-32K+think,88,0.9521484375,0.002802033655825653,0.2525434195995331,0.060623216442763805,6910.09375,0.0009765625,,769.5744898626581,432.0827426109463,278.98263603542,1301.39838728118
9B GRPO-32K+think,89,0.9384765625,-0.002310184594534803,0.2685474753379822,0.06533235032111406,7639.44921875,0.0009765625,,872.4261176465079,498.4138542627916,310.0522464076057,1253.8202122500138
9B GRPO-32K+think,90,0.927734375,0.0022250637848628685,0.26094484329223633,0.06700995285063982,8046.806640625,0.0078125,,924.8740526167676,514.5172894960269,324.1911975312978,1241.4092997327803
9B GRPO-32K+think,91,0.8837890625,0.0066362272955302615,0.2649206817150116,0.07224667211994529,7446.75390625,0.0107421875,,880.933141997084,514.1983248414472,303.33895717561245,1212.6510504284513
9B GRPO-32K+think,92,0.94140625,0.0067989867384312674,0.24350306391716003,0.04440549202263355,7897.6953125,0.009765625,,913.2409482356161,528.5309158489108,318.40879473276436,1234.4387340252579
9B GRPO-32K+think,93,0.9189453125,0.004005244772997685,0.2581261992454529,0.06387158576399088,8086.8935546875,0.0009765625,,908.2033034386113,510.66583202499896,330.40506488643587,1268.5214539938886
9B GRPO-32K+think,94,0.94140625,0.006343275308609009,0.25298064947128296,0.060394865460693836,6895.6455078125,0.001953125,,808.5778539832681,470.0178427249193,279.4473807318136,1232.6835568027134
9B GRPO-32K+think,95,0.8828125,0.0089161311625503,0.2646757662296295,0.08750318735837936,7000.2548828125,0.0009765625,,812.7219741791487,468.25459573511034,284.9095464479178,1244.3955708487688
9B GRPO-32K+think,96,0.9345703125,0.009229256444086786,0.24833054840564728,0.08938792161643505,6404.900390625,0.001953125,,778.6863928781822,460.2855486003682,263.03758818935603,1200.865019027354
9B GRPO-32K+think,97,0.90234375,6.807615864090621e-05,0.23183812201023102,0.07212364673614502,7096.951171875,0.0009765625,,820.0151093695313,470.74242616724223,289.4022795269266,1251.3985879954914
9B GRPO-32K+think,98,0.935546875,-0.00025711459238664247,0.2234325259923935,0.08947991579771042,6622.099609375,0.0009765625,,798.2811540840194,468.5028726235032,272.105317292735,1209.3530519428884
9B GRPO-32K+think,99,0.9345703125,0.006394713760528248,0.20441891252994537,0.04068179568275809,7511.435546875,0.0078125,,850.9922105167061,486.4514545695856,301.51856263447553,1269.4531590883373
9B GRPO-32K+think,100,0.9482421875,0.014459969403105788,0.2096196413040161,0.07540555112063885,7049.2548828125,0.009765625,,864.7557393470779,496.5441557141021,289.30233182758093,1178.8573103541378
9B SUPO-4Kx8+think,0,,,,,,,,,,,
9B SUPO-4Kx8+think,1,0.7744140625,-0.005379443162382813,0.2838306725025177,0.30827796459198,1769.564453125,0.0009765625,,721.3631430529058,424.1763636600226,191.10763658117503,507.0128388485965
9B SUPO-4Kx8+think,2,0.7900390625,0.0012778745731338859,0.2792101502418518,0.304400946944952,1824.0986328125,0.0009765625,,537.9675776700024,415.981409417931,94.17244467698038,692.7176292185311
9B SUPO-4Kx8+think,3,0.7470703125,0.011067140772865969,0.299286425113678,0.2800687104463577,1814.578125,0.0009765625,,705.8449190019164,586.6847550279927,89.72527952701785,529.7101954473159
9B SUPO-4Kx8+think,4,0.80078125,0.005154166710781283,0.30095818638801575,0.28316615149378777,1755.4306640625,0.0009765625,,620.0164322340861,496.4249512781389,94.47367345518433,590.8361552290173
9B SUPO-4Kx8+think,5,0.7724609375,0.011853847581051014,0.29620930552482605,0.2920869514346123,1788.0458984375,0.0009765625,,689.6610247970093,570.8329779459164,90.69516860414296,536.1527064819039
9B SUPO-4Kx8+think,6,0.8232421875,0.00582100595738666,0.29970860481262207,0.2617722414433956,1792.0576171875,0.0009765625,,633.1014735731296,512.4951763241552,90.84038891107775,589.5500414703844
9B SUPO-4Kx8+think,7,0.83203125,-0.005043136538162685,0.30101457238197327,0.2888292819261551,1740.6318359375,0.0009765625,,994.8575782119296,875.8293406669982,91.1987883199472,366.58714572540487
9B SUPO-4Kx8+think,8,0.7587890625,0.00939075212681928,0.32414495944976807,0.3673902004957199,1731.6533203125,0.0009765625,,910.0638511509169,793.3880262370221,88.96661635511555,403.5295155780235
9B SUPO-4Kx8+think,9,0.77734375,0.00023738242805393384,0.319155216217041,0.2969939038157463,1723.470703125,0.0009765625,,808.780434472952,691.2885438681114,90.52236276492476,451.97634539491946
9B SUPO-4Kx8+think,10,0.8115234375,0.01121581974257424,0.3286650478839874,0.2359207645058632,1752.857421875,0.0009765625,,599.3656931850128,462.44963636412285,88.8721359311603,614.8497973610994
9B SUPO-4Kx8+think,11,0.73828125,-0.0031511683027929394,0.35046592354774475,0.2571960650384426,1761.5009765625,0.0009765625,,988.0272387440782,869.8664679781068,90.57147140102461,376.9061068330106
9B SUPO-4Kx8+think,12,0.783203125,0.01660798163840127,0.3298961818218231,0.2543390579521656,1740.3720703125,0.0009765625,,675.0414267638698,554.5754645341076,91.01588744809851,553.7182388818777
9B SUPO-4Kx8+think,13,0.8056640625,0.007788251872170804,0.32739657163619995,0.2851669564843178,1726.677734375,0.0009765625,,816.9078659340739,699.3910399980377,89.87960284086876,453.17365695420534
9B SUPO-4Kx8+think,14,0.7685546875,0.020506514271346532,0.3372759521007538,0.23410582914948463,1680.2548828125,0.0009765625,,586.5840247429442,468.5797579670325,89.72385357506573,616.340302070848
9B SUPO-4Kx8+think,15,0.849609375,0.006457642364125604,0.3528085947036743,0.32910577207803726,1663.541015625,0.0009765625,,857.9287546570413,741.2497739831451,89.66912751295604,414.7013934067584
9B SUPO-4Kx8+think,16,0.8193359375,0.03230700650419749,0.34601151943206787,0.2818874567747116,1707.650390625,0.0009765625,,585.0378088750876,466.45258714514785,90.432206684025,622.8986306042448
9B SUPO-4Kx8+think,17,0.765625,0.024349499501113314,0.3529306948184967,0.2476952262222767,1755.8896484375,0.0009765625,,599.3150041289628,482.44946923595853,89.12658086279407,614.5933231478723
9B SUPO-4Kx8+think,18,0.8125,0.016649792249154416,0.3294292092323303,0.2804434336721897,1726.0654296875,0.0009765625,,923.283800913021,803.6451478640083,91.54222051496617,401.10391803016984
9B SUPO-4Kx8+think,19,0.75390625,0.007792207428792608,0.33648836612701416,0.2665560021996498,1720.455078125,0.0009765625,,591.1555576710962,472.4657037248835,91.51063486002386,623.4312952277934
9B SUPO-4Kx8+think,20,0.8232421875,0.005152334350896126,0.32666996121406555,0.2560531906783581,1679.9169921875,0.0009765625,,572.3570727179758,436.2189701399766,88.88464565412141,622.2064284256294
9B SUPO-4Kx8+think,21,0.8359375,0.02119731023890381,0.3211897015571594,0.26309143379330635,1694.5234375,0.0009765625,,540.2717501819134,426.1986093430314,87.39266423298977,654.1518224504632
9B SUPO-4Kx8+think,22,0.8076171875,0.0017922668390610852,0.32513511180877686,0.25024329498410225,1617.861328125,0.0009765625,,817.5095623962115,705.3567830428947,85.58152481704019,423.89443003487236
9B SUPO-4Kx8+think,23,0.8115234375,0.008383034036341996,0.3053576946258545,0.2543012946844101,1643.9052734375,0.0009765625,,592.7484599021263,478.57342567597516,86.94626974291168,594.3678454401602
9B SUPO-4Kx8+think,24,0.8349609375,0.003215623088181019,0.3000936508178711,0.18941020220518112,1604.4931640625,0.0009765625,,597.8075715489686,487.61753046303056,84.40528756706044,570.2541523799945
9B SUPO-4Kx8+think,25,0.7998046875,0.018760383649350842,0.3167104125022888,0.20743950828909874,1595.5078125,0.0009765625,,664.169264436001,552.7000280900393,84.80614467500709,523.4224822119852
9B SUPO-4Kx8+think,26,0.8369140625,0.01649460620865284,0.2988113760948181,0.2744595780968666,1610.1337890625,0.0009765625,,1450.6745326688979,1336.086067860946,88.28867928194813,243.34257412690874
9B SUPO-4Kx8+think,27,0.83203125,0.023663602266424277,0.31685227155685425,0.24925555661320686,1689.5029296875,0.0009765625,,550.9302815890405,436.1053562872112,87.90810244483873,652.3216494171177
9B SUPO-4Kx8+think,28,0.8583984375,0.013023565437833895,0.3107649087905884,0.188175730407238,1627.87890625,0.0009765625,,600.3523899000138,488.71572318300605,85.35067964415066,577.3677773777645
9B SUPO-4Kx8+think,29,0.8369140625,-0.010046437091332905,0.3153974413871765,0.22905240952968597,1611.6611328125,0.0009765625,,655.6769381798804,542.5575020420365,86.30634365300648,531.462378358655
9B SUPO-4Kx8+think,30,0.9091796875,0.0064673564229451586,0.29162856936454773,0.1885727271437645,1558.0439453125,0.0009765625,,550.697328092996,406.18531411886215,85.75488148094155,611.9216633335358
9B SUPO-4Kx8+think,31,0.765625,0.014035979003665489,0.32067206501960754,0.2616112567484379,1606.1220703125,0.0009765625,,544.3359054268803,432.84392991801724,84.31952736899257,643.2055492011467
9B SUPO-4Kx8+think,32,0.81640625,-0.006227177955224761,0.3116927742958069,0.2405664473772049,1648.3798828125,0.0009765625,,610.7918539799284,496.4459191560745,87.52363300509751,577.8736204487737
9B SUPO-4Kx8+think,33,0.8642578125,0.000673960284984787,0.3042491376399994,0.2094475980848074,1630.095703125,0.0009765625,,518.011734479107,404.26410583104007,87.05752252996899,683.4326356641232
9B SUPO-4Kx8+think,34,0.833984375,-0.013448251884483398,0.31729522347450256,0.24474266916513443,1649.5107421875,0.0009765625,,660.0043618329801,544.7718658000231,87.94284756295383,536.8955047749704
9B SUPO-4Kx8+think,35,0.83203125,0.017080665806133766,0.3232230544090271,0.22927185893058777,1652.349609375,0.0009765625,,675.2228908780962,558.4773984919302,89.23499182285741,531.1390577022778
9B SUPO-4Kx8+think,36,0.84375,0.010630254483203316,0.2997667193412781,0.22860108688473701,1612.6572265625,0.0009765625,,783.4610731331632,671.2810802478343,85.73925445182249,446.7422020091998
9B SUPO-4Kx8+think,37,0.87109375,0.003922564634194714,0.3021667003631592,0.19970091246068478,1653.9775390625,0.0009765625,,503.1576661760919,388.1501046051271,88.2279686499387,695.0751196099294
9B SUPO-4Kx8+think,38,0.873046875,0.01145718482734992,0.3070995807647705,0.21941935271024704,1712.6474609375,0.0009765625,,538.6575788438786,420.3190642069094,91.21628579194658,664.0832953056391
9B SUPO-4Kx8+think,39,0.896484375,0.02004722384208435,0.30074357986450195,0.21132293157279491,1604.466796875,0.0009765625,,554.7117138418835,440.4814863537904,86.557968061883,637.545802937211
9B SUPO-4Kx8+think,40,0.8330078125,0.02337442296629888,0.3089387118816376,0.28248896822333336,1638.6474609375,0.0009765625,,975.8809308318887,823.7043384099379,89.93704462004825,368.10433389017874
9B SUPO-4Kx8+think,41,0.875,0.004409065372556142,0.30967840552330017,0.22672497108578682,1658.1103515625,0.0009765625,,499.8954524579458,386.0247423609253,85.62962667900138,700.2999292726124
9B SUPO-4Kx8+think,42,0.8212890625,-0.0027770017959483084,0.3074560761451721,0.3925294801592827,1705.52734375,0.0009765625,,533.4591853749007,418.17060369695537,87.99630329804495,670.8971554187041
9B SUPO-4Kx8+think,43,0.853515625,0.015221713191369446,0.3213903605937958,0.22692841291427612,1635.5908203125,0.0009765625,,976.5649212528951,862.406591732055,87.60678749298677,363.03820389652253
9B SUPO-4Kx8+think,44,0.8251953125,0.0039253822299087915,0.32169580459594727,0.24803762137889862,1660.044921875,0.0009765625,,556.5124238650315,442.36259603197686,87.14105618698522,641.8594350853717
9B SUPO-4Kx8+think,45,0.859375,0.006190316756146785,0.30120497941970825,0.26408005505800247,1654.115234375,0.0009765625,,523.2127304619644,410.07750553591177,85.45528742996976,681.5781693330267
9B SUPO-4Kx8+think,46,0.8955078125,0.013013316885917448,0.29660677909851074,0.1880274899303913,1688.623046875,0.0009765625,,585.5443822459783,472.5597805271391,84.78553946386091,602.0205482082756
9B SUPO-4Kx8+think,47,0.869140625,0.011140356262330897,0.31208837032318115,0.17251553945243359,1697.609375,0.0009765625,,609.1274759629741,492.2693059698213,89.70076491194777,588.1929713211268
9B SUPO-4Kx8+think,48,0.8359375,0.02203238064521429,0.3255259096622467,0.23159019276499748,1643.478515625,0.0009765625,,592.9466196880676,476.5624773709569,88.84574337303638,595.073170643291
9B SUPO-4Kx8+think,49,0.8505859375,0.008967044668679591,0.3216060698032379,0.22546633519232273,1634.4599609375,0.0009765625,,538.9878084510565,422.3046900120098,87.98837650683708,648.5712561933456
9B SUPO-4Kx8+think,50,0.81640625,0.004066320384481514,0.3409918546676636,0.23870503157377243,1631.8193359375,0.0009765625,,613.6634198799729,468.31962917209603,85.41768982610665,578.1878771092437
9B SUPO-4Kx8+think,51,0.8583984375,-0.0068264485998952296,0.3586905598640442,0.17790190689265728,1644.2724609375,0.0009765625,,534.801113625057,420.14482696610503,87.36820920393802,663.2989179762615
9B SUPO-4Kx8+think,52,0.8466796875,0.013964493071398465,0.33597713708877563,0.20336557924747467,1678.60546875,0.0009765625,,538.3076141111087,422.20696247019805,88.39801991987042,669.3572885737199
9B SUPO-4Kx8+think,53,0.841796875,0.008811877691186965,0.34539279341697693,0.2514150682836771,1626.2958984375,0.0009765625,,544.823367432924,430.35961347213015,87.25835632998496,653.6322527389449
9B SUPO-4Kx8+think,54,0.859375,0.022183876206327113,0.36166679859161377,0.23109979555010796,1609.431640625,0.0009765625,,548.9907014230266,434.2297729928978,87.31769516994245,647.9574682739421
9B SUPO-4Kx8+think,55,0.8125,0.006803610456699971,0.3304424285888672,0.21016545593738556,1738.841796875,0.0009765625,,564.4194641250651,448.2201007399708,88.98491410911083,643.9928955381647
9B SUPO-4Kx8+think,56,0.8095703125,0.013806321683659917,0.34966352581977844,0.2735381070524454,1706.013671875,0.0009765625,,537.9293091509026,420.26345048611984,90.36254585091956,670.6410932868478
9B SUPO-4Kx8+think,57,0.8349609375,0.023744321207232133,0.33002036809921265,0.21851536259055138,1719.0458984375,0.0009765625,,528.4504439639859,414.1993116249796,86.80490081803873,686.2642072540584
9B SUPO-4Kx8+think,58,0.87109375,0.002825335192028433,0.33597269654273987,0.25923609361052513,1670.94140625,0.0009765625,,532.0992197850719,416.0921508939937,88.72822158806957,674.1033658062565
9B SUPO-4Kx8+think,59,0.90234375,-0.003886559272359591,0.33366191387176514,0.1933080442249775,1700.91796875,0.0009765625,,513.6959054388572,402.4365460698027,84.46388882701285,691.1002623170721
9B SUPO-4Kx8+think,60,0.8720703125,0.000770033981098095,0.346586674451828,0.18988481909036636,1739.1875,0.0009765625,,577.1268069711514,424.18263658392243,88.55319150118157,624.2527563236355
9B SUPO-4Kx8+think,61,0.8408203125,0.01910339278765605,0.37344056367874146,0.24163495749235153,1707.216796875,0.0009765625,,532.1641035680659,416.22015768894926,88.66261953790672,676.5079560725254
9B SUPO-4Kx8+think,62,0.849609375,0.022083848221882363,0.39001694321632385,0.22214048355817795,1685.779296875,0.0009765625,,539.2444420268293,420.28876437898725,91.33282720320858,668.5629872139932
9B SUPO-4Kx8+think,63,0.8779296875,0.011915095172298606,0.3456887900829315,0.1565502742305398,1760.728515625,0.0009765625,,528.5552059148904,412.1630676861387,88.17474523116834,693.4769933171779
9B SUPO-4Kx8+think,64,0.83203125,0.003638292351865857,0.35878509283065796,0.18557229824364185,1745.9892578125,0.0009765625,,548.3188150629867,434.3326642580796,86.97766396286897,658.193946816402
9B SUPO-4Kx8+think,65,0.888671875,0.020197970983645064,0.3599225580692291,0.2334341909736395,1674.1083984375,0.0009765625,,524.1717323369812,412.1818380469922,85.87961029913276,671.9586888626084
9B SUPO-4Kx8+think,66,0.865234375,0.01105699399158766,0.3553324341773987,0.2026983518153429,1739.552734375,0.0009765625,,542.8559363009408,426.1404194110073,87.89316126005724,672.0993556525057
9B SUPO-4Kx8+think,67,0.861328125,0.008629756491245644,0.3794161081314087,0.21686076000332832,1726.845703125,0.0009765625,,524.1151995679829,408.00539776100777,88.5373457330279,691.354210484025
9B SUPO-4Kx8+think,68,0.8173828125,0.0005375140899559483,0.3558366000652313,0.21962528303265572,1746.669921875,0.0009765625,,540.7070398798678,424.323560904013,88.8683720859699,673.3942285657985
9B SUPO-4Kx8+think,69,0.8671875,0.0036527646857393847,0.35768306255340576,0.20532787777483463,1709.3056640625,0.0009765625,,524.3169524760451,408.0922714411281,87.99901566281915,683.7863019818724
9B SUPO-4Kx8+think,70,0.826171875,0.003238319663068978,0.3609531819820404,0.25817523896694183,1718.8701171875,0.0009765625,,548.7589430718217,412.0789515741635,87.95823686104268,655.8057131342257
9B SUPO-4Kx8+think,71,0.822265625,-0.0013398736828094115,0.3766980469226837,0.24852032586932182,1758.828125,0.0009765625,,555.7889659299981,438.42040290893055,88.7704299739562,663.6370054285242
9B SUPO-4Kx8+think,72,0.8544921875,-0.0014519175438181264,0.3666287064552307,0.2323051504790783,1679.392578125,0.0009765625,,527.6868218879681,412.3237895311322,88.21388630801812,688.0153339836098
9B SUPO-4Kx8+think,73,0.841796875,0.004586611717058986,0.34039992094039917,0.17111974209547043,1720.353515625,0.0009765625,,530.7064566719346,416.2366209810134,86.87615302414633,676.6690332957296
9B SUPO-4Kx8+think,74,0.8642578125,0.013654326625328395,0.343843549489975,0.17891884595155716,1745.904296875,0.0009765625,,512.214774370892,394.21702950191684,89.81907159416005,715.4313353223432
9B SUPO-4Kx8+think,75,0.83203125,0.015751388931676047,0.3773646652698517,0.22709687054157257,1763.2216796875,0.0009765625,,545.3017029948533,426.064604222076,90.68952584080398,681.276984758484
9B SUPO-4Kx8+think,76,0.8876953125,0.0027944395856138726,0.36450254917144775,0.17667211405932903,1739.5439453125,0.0009765625,,536.1630266890861,416.3742523218971,92.50096009299159,681.5156618621013
9B SUPO-4Kx8+think,77,0.8486328125,0.011083818491442798,0.39721813797950745,0.17706488817930222,1798.7255859375,0.0009765625,,552.6714610548224,434.0819058229681,90.28564028907567,674.1649899722986
9B SUPO-4Kx8+think,78,0.826171875,0.019934687039494747,0.3885250687599182,0.20962857082486153,1774.4091796875,0.0009765625,,529.9807968940586,410.28765915497206,91.8203532488551,696.1664972811324
9B SUPO-4Kx8+think,79,0.837890625,0.011850242384753074,0.3706356883049011,0.19928352907299995,1795.859375,0.0009765625,,540.6072211060673,422.1104466759134,90.5356147440616,698.0467708661258
9B SUPO-4Kx8+think,80,0.83203125,0.009598486094546388,0.3943837285041809,0.23567304015159607,1769.3544921875,0.0009765625,,572.6030372411478,434.57716152304783,89.81546452199109,642.5371960523736
9B SUPO-4Kx8+think,81,0.841796875,-0.002330203558813082,0.38301414251327515,0.19925202429294586,1732.490234375,0.0009765625,,564.6345824620221,442.50918558216654,92.97549617406912,658.2099937617573
9B SUPO-4Kx8+think,82,0.857421875,0.008559287309253705,0.41160908341407776,0.21983937546610832,1773.333984375,0.0009765625,,564.8074475149624,444.29784443206154,92.76619231887162,669.6023160884066
9B SUPO-4Kx8+think,83,0.8115234375,0.030843574631944648,0.4206218421459198,0.22742061130702496,1776.302734375,0.0009765625,,572.5210417148191,452.4333305710461,92.14537416701205,656.1634378970568
9B SUPO-4Kx8+think,84,0.9033203125,0.004037932460050797,0.37915417551994324,0.19233832508325577,1762.5849609375,0.0009765625,,536.88720208616,420.2600735379383,88.25546234496869,683.1956481263561
9B SUPO-4Kx8+think,85,0.8369140625,0.016725159795271338,0.3833802342414856,0.19951357133686543,1757.6572265625,0.0009765625,,531.5855551939458,414.16974097210914,89.77324413182214,704.4703271957248
9B SUPO-4Kx8+think,86,0.8583984375,0.0119781110652184,0.3628641366958618,0.20918354392051697,1775.873046875,0.0009765625,,552.3630228179973,432.30071914801374,92.27445420599543,679.4410731647765
9B SUPO-4Kx8+think,87,0.87890625,0.009291190566727892,0.34173068404197693,0.151089521124959,1805.3046875,0.0009765625,,537.8539029690437,416.1172537910752,93.40000904304907,695.3310144920988
9B SUPO-4Kx8+think,88,0.931640625,0.01356380277320568,0.3574630618095398,0.17463508807122707,1862.1552734375,0.0009765625,,518.9858905919828,400.015417231014,90.83600522903726,735.2015862411469
9B SUPO-4Kx8+think,89,0.875,-0.0031812550041649956,0.3583000898361206,0.18650864250957966,1740.4453125,0.0009765625,,540.0469854879193,422.06715248990804,90.05078522092663,683.8696630559409
9B SUPO-4Kx8+think,90,0.8603515625,0.007226368335977895,0.37365061044692993,0.19437053427100182,1747.87109375,0.0009765625,,578.41994793294,438.6054840621073,90.55821630498394,645.2932706312428
9B SUPO-4Kx8+think,91,0.8173828125,-0.002615677469293587,0.36898738145828247,0.19428365863859653,1832.6435546875,0.0009765625,,552.6808516820893,434.2372913900763,90.89545631711371,676.4683883331941
9B SUPO-4Kx8+think,92,0.88671875,0.0073702470799617,0.34665191173553467,0.19355054572224617,1754.544921875,0.0009765625,,537.9585728989914,420.15157311898656,89.58300416194834,689.1058041928549
9B SUPO-4Kx8+think,93,0.8037109375,-0.027478763649924076,0.3474026024341583,0.22175461240112782,1754.7685546875,0.0009765625,,545.735170076834,426.3364825430326,90.67603485588916,681.1637225939891
9B SUPO-4Kx8+think,94,0.8671875,0.009297910138229781,0.31529712677001953,0.17781277745962143,1713.2724609375,0.0009765625,,527.8390940208919,412.31005364097655,88.3584333981853,678.82263564551
9B SUPO-4Kx8+think,95,0.8466796875,-0.001954396150267712,0.3342984914779663,0.19542346335947514,1746.7607421875,0.0009765625,,549.5252164520789,432.1530417238828,88.76139059104025,666.4525831308
9B SUPO-4Kx8+think,96,0.8837890625,0.0036596106865545153,0.3097154200077057,0.26259883865714073,1745.7978515625,0.0009765625,,511.18294410407543,396.40379563509487,87.24877374107018,706.0466397848319
9B SUPO-4Kx8+think,97,0.8515625,-0.0012342733461991884,0.293348103761673,0.2100056204944849,1660.2958984375,0.0009765625,,520.1187347830273,406.1228901229333,86.26407325803302,680.7822931964009
9B SUPO-4Kx8+think,98,0.8662109375,-0.00621309322241359,0.2852157652378082,0.1998746283352375,1716.615234375,0.0009765625,,512.3456184559036,398.07221707492135,86.78999768407084,704.4090200042608
9B SUPO-4Kx8+think,99,0.8779296875,-0.004272563040103705,0.30477043986320496,0.17852945998311043,1667.8466796875,0.0009765625,,485.902741427999,371.9270653119311,86.60436646081507,739.5458892533292
9B SUPO-4Kx8+think,100,0.904296875,0.0018247251309730927,0.30132168531417847,0.21422149240970612,1666.884765625,0.0009765625,,515.2833926000167,382.1985119031742,84.86973339202814,685.5475163241048
32B GRPO-32K,0,,,,,,,,,,,
32B GRPO-32K,1,0.5341796875,0.0192742018844001,0.12991416454315186,0.33358998969197273,2269.1484375,0.0048828125,,549.9437119299546,326.80264517711475,155.7047021370381,361.96613522758867
32B GRPO-32K,2,0.4833984375,-0.010194168709858786,0.14286039769649506,0.39632366970181465,1941.9111328125,0.0009765625,,335.71752311103046,189.2334118396975,111.91209645429626,530.9294279555693
32B GRPO-32K,3,0.4970703125,0.011727282559149899,0.12275737524032593,0.3783465400338173,2590.294921875,0.0126953125,,537.9662556597032,351.7909039808437,143.23798574134707,408.84325491807067
32B GRPO-32K,4,0.45703125,-0.014586250326829031,0.15932799875736237,0.47750434279441833,2122.66796875,0.0009765625,,393.3838436361402,231.38038721913472,123.42627515317872,484.31513668421724
32B GRPO-32K,5,0.4619140625,0.010619747859891504,0.14707861840724945,0.3939409591257572,2318.2666015625,0.0009765625,,502.20376719208434,336.03667229320854,126.54485573992133,403.30255512108073
32B GRPO-32K,6,0.546875,0.019031053976505063,0.1349540501832962,0.42118389159440994,2416.11328125,0.0009765625,,472.82801469694823,300.04211982898414,132.3803692148067,444.51945203524457
32B GRPO-32K,7,0.5419921875,0.012031458976707654,0.12416641414165497,0.43580926209688187,2905.638671875,0.0107421875,,576.326226985082,376.05678519932553,154.34148115292192,416.916433348815
32B GRPO-32K,8,0.5751953125,0.03869313740869984,0.12117550522089005,0.3133513815701008,2962.166015625,0.005859375,,562.0755021721125,358.242552862037,157.82906770519912,435.82067543123384
32B GRPO-32K,9,0.5654296875,0.04063797646085732,0.11057844758033752,0.34689686074852943,3204.9365234375,0.0205078125,,600.6605879878625,367.97407563589513,183.1979837822728,432.61109967356606
32B GRPO-32K,10,0.607421875,0.012608867880771868,0.10775977373123169,0.3388826437294483,2748.8935546875,0.01171875,,526.8350853743032,333.8186036548577,147.2809610622935,436.36935709523897
32B GRPO-32K,11,0.5703125,0.0012272193998796865,0.11064440757036209,0.35547033697366714,3083.0185546875,0.005859375,,570.6528532151133,361.79044814407825,160.9393972735852,441.03991784498527
32B GRPO-32K,12,0.6083984375,0.024860993132278963,0.10253933072090149,0.3423726037144661,2964.591796875,0.0029296875,,560.3520092382096,361.9700157777406,152.70670415088534,437.7014286670209
32B GRPO-32K,13,0.634765625,0.028058434274498723,0.1033584475517273,0.27853572368621826,3193.435546875,0.001953125,,559.7183822281659,350.3870342737064,159.67487808363512,461.4353989444574
32B GRPO-32K,14,0.6474609375,0.013820252730511129,0.08897911757230759,0.2629089243710041,3479.626953125,0.013671875,,603.5917248153128,371.9557722066529,176.64056682726368,458.6960251728357
32B GRPO-32K,15,0.6435546875,0.024274619969219202,0.10181928426027298,0.3488874211907387,2887.58984375,0.001953125,,542.320672949776,348.0013686539605,147.88928211200982,439.04697326935695
32B GRPO-32K,16,0.6953125,0.008454111288301647,0.09226737916469574,0.2646948844194412,3239.275390625,0.0029296875,,583.5277240928262,363.9208794417791,170.9245649939403,449.56325838302195
32B GRPO-32K,17,0.6103515625,0.021074071803013794,0.08153562247753143,0.24420824274420738,3347.8076171875,0.009765625,,619.7960750688799,398.4053778247908,171.0720141180791,433.3944636066755
32B GRPO-32K,18,0.705078125,0.029544359662395436,0.07309380173683167,0.21406223624944687,3860.880859375,0.0166015625,,637.3059670743532,382.0167156639509,197.861374061089,473.2050076110705
32B GRPO-32K,19,0.634765625,0.01685334028024954,0.07389155775308609,0.30913242511451244,3861.2978515625,0.021484375,,673.5346014760435,406.52321427920833,211.23199209524319,447.85013544805827
32B GRPO-32K,20,0.6943359375,0.013239555293694139,0.08331701904535294,0.20778531581163406,3354.8251953125,0.013671875,,620.5289435326122,365.83450180478394,172.3473799410276,434.49433795158694
32B GRPO-32K,21,0.69921875,0.024461152250296436,0.08663689345121384,0.24105560407042503,3140.0126953125,0.00390625,,556.1248673549853,350.28033742308617,158.66742470720783,457.37716011472264
32B GRPO-32K,22,0.650390625,0.025338752267998643,0.0814097449183464,0.24542661756277084,3481.498046875,0.009765625,,610.5311827142723,380.1111789736897,178.53067807201296,453.7964363560808
32B GRPO-32K,23,0.666015625,0.019252246398536954,0.08089112490415573,0.2764420472085476,3365.4560546875,0.0048828125,,606.7126958211884,383.9314440684393,169.5293048140593,445.2192765381168
32B GRPO-32K,24,0.7265625,0.01873555191559717,0.08206798881292343,0.25143876671791077,3160.03125,0.0029296875,,572.0772309890017,361.98221698915586,160.37504401011392,447.9307794805881
32B GRPO-32K,25,0.6162109375,0.019544372626114637,0.06648048758506775,0.19026777148246765,3285.7587890625,0.0029296875,,601.2480487758294,386.01742526795715,164.87863895110786,438.81233882950835
32B GRPO-32K,26,0.666015625,0.01970747179097998,0.06270024925470352,0.22312447056174278,3770.826171875,0.01171875,,631.6396487788297,383.90041998494416,192.95330603607,469.52305095693026
32B GRPO-32K,27,0.69140625,0.007215762419946259,0.07330943644046783,0.20154741778969765,3632.357421875,0.01171875,,563.164718395099,323.68340879911557,183.44206845993176,508.54104606580825
32B GRPO-32K,28,0.71875,0.01899588001833763,0.06371715664863586,0.2029905542731285,3257.48828125,0.0009765625,,483.38490147609264,273.6005748147145,162.24964657472447,540.7031729825901
32B GRPO-32K,29,0.69921875,0.011363613775756676,0.06838034093379974,0.20608956553041935,3748.296875,0.01171875,,623.1769113061018,378.0933304699138,188.51888356590644,472.1460225208428
32B GRPO-32K,30,0.7373046875,0.03217012398818042,0.06715098768472672,0.16732758283615112,3197.388671875,0.0029296875,,570.4097578646615,357.7559567959979,162.43579372996464,453.18890751047405
32B GRPO-32K,31,0.689453125,0.007753393118036911,0.06579349935054779,0.24267949908971786,3364.2490234375,0.0009765625,,523.1474504498765,305.8749977978878,168.102807267569,514.7132749446502
32B GRPO-32K,32,0.7158203125,0.008641573222121224,0.0724366158246994,0.1963390540331602,3025.921875,0.0048828125,,552.1834789202549,351.8905607541092,153.81284580519423,448.5456545790088
32B GRPO-32K,33,0.6982421875,0.020756867219461128,0.05895940586924553,0.2252623550593853,4209.1025390625,0.017578125,,667.6988808740862,389.85225952323526,219.03387227933854,485.62768605440755
32B GRPO-32K,34,0.7275390625,0.011134568994748406,0.060579463839530945,0.17662124522030354,3406.74609375,0.001953125,,577.2039797380567,357.94798392476514,168.6943070422858,471.4178341658087
32B GRPO-32K,35,0.7353515625,0.013551491952966899,0.060991737991571426,0.22721615992486477,4156.859375,0.01171875,,712.892156207934,448.30473206890747,205.703191280365,449.1598023791475
32B GRPO-32K,36,0.6923828125,0.010062295783427544,0.05751208961009979,0.21082991361618042,3909.765625,0.0048828125,,638.7513156309724,391.93362020421773,191.2553370129317,475.67729813575534
32B GRPO-32K,37,0.732421875,0.02301906287902966,0.06440974771976471,0.2386720199137926,3692.3798828125,0.009765625,,643.6160898981616,404.07789262989536,185.81999269500375,451.9981974751917
32B GRPO-32K,38,0.728515625,0.006701352795062121,0.061553310602903366,0.20761415362358093,3545.771484375,0.00390625,,608.439716169145,376.7793307271786,179.4500567582436,459.77089852272576
32B GRPO-32K,39,0.712890625,0.014482068407232873,0.06802905350923538,0.21884318999946117,3885.32421875,0.0078125,,676.2954910998233,427.0467786779627,193.31420632405207,449.7032051853635
32B GRPO-32K,40,0.7158203125,0.009089675902941963,0.06200249865651131,0.18256834894418716,3802.3525390625,0.0029296875,,656.3874353612773,379.923260146752,188.49296129727736,454.33770732655495
32B GRPO-32K,41,0.77734375,0.019929207861423492,0.0685013085603714,0.21829857677221298,3479.6572265625,0.0009765625,,488.32507474301383,266.12297032075,172.93130970094353,567.4489737104459
32B GRPO-32K,42,0.703125,0.015961255743604852,0.06772609055042267,0.1728631816804409,3864.2705078125,0.015625,,622.6695038531907,365.9696776368655,200.63854164769873,482.7268890478195
32B GRPO-32K,43,0.712890625,0.01366482821322279,0.06318460404872894,0.16035505197942257,3709.3603515625,0.0029296875,,619.9216145649552,381.938687894959,184.47403856925666,473.20831474131904
32B GRPO-32K,44,0.7294921875,0.016153330268480204,0.06140482425689697,0.18774394877254963,3801.62109375,0.0078125,,614.2619886407629,367.977547342889,190.31772884214297,485.774401669038
32B GRPO-32K,45,0.7548828125,0.01909801887904905,0.06178209185600281,0.1714885774999857,4038.9052734375,0.009765625,,645.3830787939951,388.3297582808882,200.41966126067564,484.68413222815116
32B GRPO-32K,46,0.7685546875,0.008695896845893003,0.055629950016736984,0.16608301550149918,3867.357421875,0.00390625,,557.8537729699165,309.68766425782815,191.1506700431928,540.707779736154
32B GRPO-32K,47,0.7607421875,0.015048991906951414,0.048782169818878174,0.17202521488070488,4269.6455078125,0.009765625,,669.5961542511359,400.01674856664613,210.08366983290762,487.78328612906
32B GRPO-32K,48,0.791015625,0.005433574432572641,0.05321655794978142,0.1376214623451233,3950.177734375,0.0048828125,,639.4479016559198,389.9356991639361,193.80869976291433,479.02162819954304
32B GRPO-32K,49,0.7509765625,0.015792693455296103,0.06184739992022514,0.19123745150864124,3672.4912109375,0.0087890625,,603.8805441572331,365.8219587621279,184.55375822773203,478.4943649795163
32B GRPO-32K,50,0.740234375,0.020629750266380142,0.05903034284710884,0.1959160938858986,4012.85546875,0.001953125,,623.8378728660755,372.02461449382827,195.12623081495985,498.9593667501218
32B GRPO-32K,51,0.740234375,0.026230818901240127,0.05687394738197327,0.1761804334819317,4145.099609375,0.0087890625,,666.1165336840786,398.2326152236201,206.8023764337413,481.595725038926
32B GRPO-32K,52,0.78515625,0.01733315669116564,0.053595107048749924,0.12855053506791592,4169.939453125,0.005859375,,662.5270237857476,397.93985402956605,205.98029728792608,483.8264908325626
32B GRPO-32K,53,0.7265625,0.016646134899929166,0.06174254044890404,0.22436938248574734,4488.646484375,0.0244140625,,701.9831054727547,404.1518468349241,233.5326751708053,487.8064334174926
32B GRPO-32K,54,0.78515625,0.00612855202780338,0.053679209202528,0.20252832397818565,3875.24609375,0.0009765625,,535.1002994701266,293.54500418389216,187.46460893610492,566.8278457334951
32B GRPO-32K,55,0.7802734375,0.010893791572016198,0.044152453541755676,0.1279882648959756,4433.953125,0.013671875,,756.425937063992,476.2356278388761,219.42906250664964,444.34951728997254
32B GRPO-32K,56,0.7705078125,0.005993546934405458,0.05309802666306496,0.15202908869832754,4467.6181640625,0.0078125,,684.1573800910264,405.9681787090376,216.11750946380198,498.3729949016042
32B GRPO-32K,57,0.7763671875,0.02973410001141019,0.05973989516496658,0.1999091673642397,3717.99609375,0.00390625,,626.409256933257,389.84448399813846,183.61024808185175,466.7064650852524
32B GRPO-32K,58,0.7666015625,0.021227554643701296,0.054891861975193024,0.15341189317405224,4624.3134765625,0.01171875,,771.4986731288955,482.1416075369343,225.73150981310755,454.6340450301717
32B GRPO-32K,59,0.75,0.007324171285290504,0.06636660546064377,0.1742901522666216,3561.3173828125,0.0009765625,,500.03017107909545,275.5275007211603,173.08407073980197,564.962533941405
32B GRPO-32K,60,0.7734375,0.012057823975737847,0.06308460235595703,0.1994880922138691,3795.916015625,0.0078125,,661.9457601751201,382.9716366571374,190.2125268667005,448.5278747332013
32B GRPO-32K,61,0.7802734375,0.012107912931242026,0.060954563319683075,0.22388760559260845,4176.6904296875,0.0068359375,,676.1781274857931,414.37661444209516,204.17309259902686,475.2515268349195
32B GRPO-32K,62,0.7392578125,0.011897838659933768,0.0552569255232811,0.1756471823900938,4353.7685546875,0.005859375,,637.9128836719319,364.31657384103164,213.7680049939081,521.5354572946659
32B GRPO-32K,63,0.767578125,0.023905874593765475,0.06605561077594757,0.17352299578487873,3780.9921875,0.0009765625,,574.8065483770333,336.4752293601632,185.09194478811696,514.5426767233005
32B GRPO-32K,64,0.78125,0.01218883248657221,0.06892459094524384,0.1561712846159935,3697.275390625,0.0009765625,,617.0170657010749,383.91703410912305,179.76377205830067,469.8956335519958
32B GRPO-32K,65,0.8056640625,0.025267109405831434,0.05696079879999161,0.16509275138378143,4417.357421875,0.0224609375,,704.2562284423038,424.2870387546718,217.85482662031427,477.2785265150653
32B GRPO-32K,66,0.7939453125,0.024781681582680903,0.058217503130435944,0.16630999743938446,3927.1376953125,0.0068359375,,646.3175744349137,395.9368899008259,194.75220826314762,472.99396549332954
32B GRPO-32K,67,0.7744140625,0.010189921435085125,0.05905802547931671,0.15992137230932713,4452.509765625,0.0068359375,,710.4107607188635,431.19116355711594,217.69226857786998,477.2642022720943
32B GRPO-32K,68,0.796875,0.015550379735941533,0.05155995488166809,0.11282588727772236,4676.2529296875,0.001953125,,713.0695315087214,422.2643723860383,226.59403931023553,497.5001340323866
32B GRPO-32K,69,0.798828125,0.010901161316724028,0.04699712619185448,0.13270510733127594,4454.88671875,0.0078125,,714.4591062492691,436.03511842293665,217.04676685296,476.46358905982277
32B GRPO-32K,70,0.7783203125,0.011317095384583808,0.04734184592962265,0.10261041857302189,4475.8583984375,0.001953125,,701.9411636651494,427.99303908785805,213.69647221593186,484.5647400474391
32B GRPO-32K,71,0.78515625,0.011989627681032289,0.05018144100904465,0.13430695421993732,4464.89453125,0.009765625,,682.3336067041382,401.983403863851,218.84662580909207,498.67432390375967
32B GRPO-32K,72,0.78125,0.005954884969469276,0.04461856931447983,0.13859614543616772,4792.09765625,0.0146484375,,739.5162010709755,429.3393011940643,245.45187400188297,489.62720421218796
32B GRPO-32K,73,0.7861328125,0.00995104889261711,0.04621564969420433,0.12397106923162937,4379.3330078125,0.0146484375,,690.3648865530267,408.5636151540093,221.66102801822126,483.1732015883443
32B GRPO-32K,74,0.775390625,0.02138485079194652,0.05070449784398079,0.14321685768663883,4043.7197265625,0.001953125,,623.2028772640042,369.782740553841,196.51398457214236,501.16514845243614
32B GRPO-32K,75,0.7783203125,0.024239671973191435,0.05132659152150154,0.13784666918218136,4333.3740234375,0.0009765625,,690.4137916471809,424.450603206642,207.80115272430703,480.47553729853786
32B GRPO-32K,76,0.818359375,0.005045951358624734,0.05462571233510971,0.13145659677684307,4121.7763671875,0.0087890625,,690.1252895523794,430.11486529326066,202.33553073182702,461.2882505819807
32B GRPO-32K,77,0.8037109375,0.019795884611085057,0.04955947399139404,0.13669036235660315,4364.6083984375,0.0029296875,,689.5233598053455,420.52551692537963,208.97020577825606,483.80005224793814
32B GRPO-32K,78,0.7978515625,0.017964603302971227,0.05122918263077736,0.12875818461179733,4698.7783203125,0.0068359375,,733.5117154680192,443.9413626929745,225.74977106694132,483.7316228461386
32B GRPO-32K,79,0.8212890625,0.011067356010244112,0.05045526474714279,0.1343118343502283,4435.712890625,0.0029296875,,690.665799816139,406.0191946453415,223.2794432369992,489.02902835193714
32B GRPO-32K,80,0.7568359375,0.026018795593699906,0.04741262272000313,0.09444527886807919,5107.4423828125,0.033203125,,803.1392145808786,448.1936589330435,253.917895342689,473.5241482368211
32B GRPO-32K,81,0.837890625,0.010686119505407987,0.046253129839897156,0.10563782881945372,4286.6806640625,0.0009765625,,603.0674731386825,339.8420939911157,202.81203508982435,545.7574436688495
32B GRPO-32K,82,0.794921875,0.015836189915717114,0.055595822632312775,0.122513422742486,4479.1708984375,0.00390625,,706.483707445208,429.9794001453556,215.34994278894737,483.64305347621877
32B GRPO-32K,83,0.7451171875,0.01615762323490344,0.05370154231786728,0.14207986928522587,4619.890625,0.013671875,,704.5400571408682,416.14483319129795,225.0095625957474,497.1165180037054
32B GRPO-32K,84,0.8310546875,0.020244255071702355,0.05139359086751938,0.10630125366151333,3944.458984375,0.00390625,,634.5756042180583,387.8016077550128,191.2568592550233,481.3151860389597
32B GRPO-32K,85,0.7685546875,0.012479263052227907,0.04827301204204559,0.13338787853717804,4306.10546875,0.01171875,,680.615686389152,405.88732601795346,212.9288906273432,485.76569216913896
32B GRPO-32K,86,0.8046875,0.010396113964816323,0.04675845056772232,0.13906754739582539,4455.4970703125,0.01171875,,645.9167195199989,366.40300507005304,217.58495723968372,525.1223605917173
32B GRPO-32K,87,0.794921875,0.013611953298095614,0.045486561954021454,0.11587121523916721,4643.9638671875,0.0107421875,,733.6236048908904,440.73913301713765,227.55859769741073,478.00763928820857
32B GRPO-32K,88,0.8388671875,0.012864101357081381,0.04582963138818741,0.11816340312361717,4387.9658203125,0.005859375,,715.7529370211996,439.9844884700142,214.81683688377962,468.2660666330915
32B GRPO-32K,89,0.8017578125,0.024682018061866984,0.05208752304315567,0.17513101175427437,4571.8095703125,0.0107421875,,744.8861851827241,460.21626078896224,220.5981721058488,465.1849093093322
32B GRPO-32K,90,0.88671875,0.017688636318780482,0.045113325119018555,0.1316000297665596,4454.0126953125,0.0126953125,,678.0354356779717,400.0327659682371,215.80899081099778,501.3842855573996
32B GRPO-32K,91,0.7958984375,0.020511961221927777,0.04970495030283928,0.09654856380075216,4731.0986328125,0.00390625,,731.787132780999,442.03205023892224,226.3274545748718,486.9384777863265
32B GRPO-32K,92,0.8037109375,0.009863083214440849,0.052278656512498856,0.15552191250026226,4673.3603515625,0.0029296875,,713.4110874589533,428.03280573384836,222.69882146967575,495.0316426366438
32B GRPO-32K,93,0.7802734375,0.014875375643896405,0.050396546721458435,0.1317698247730732,4773.6259765625,0.0087890625,,702.5175732779317,407.87324616732076,230.54822682356462,512.1239328167874
32B GRPO-32K,94,0.802734375,0.02408547438972164,0.049195438623428345,0.11233432032167912,4274.8017578125,0.005859375,,680.9399377880618,414.04807411693037,208.1974297449924,479.6683148898516
32B GRPO-32K,95,0.72265625,0.012805416317860363,0.05182383581995964,0.1523052714765072,4893.376953125,0.013671875,,786.7960964851081,482.20757266972214,238.28449332993478,466.11266456243953
32B GRPO-32K,96,0.833984375,0.017727358378579083,0.05215245485305786,0.15055766701698303,4122.853515625,0.01171875,,680.0001304331236,416.2248125583865,205.06248322641477,466.7618589982247
32B GRPO-32K,97,0.81640625,0.0026032141322502866,0.045789800584316254,0.10545922070741653,4502.9326171875,0.0078125,,684.9357043812051,405.92168663209304,216.94308283971623,500.4501667929196
32B GRPO-32K,98,0.8349609375,0.0059869252145290375,0.05221202224493027,0.09906229004263878,4222.45703125,0.00390625,,679.8420467949472,416.2326483097859,204.87365476693958,477.8988759693389
32B GRPO-32K,99,0.8154296875,0.012599805755598936,0.05293949320912361,0.09778297785669565,4612.9912109375,0.009765625,,707.4003145820461,418.0761131099425,225.31165797403082,495.3545118325758
32B GRPO-32K,100,0.783203125,0.003055804110772442,0.04971371591091156,0.10729794763028622,5093.740234375,0.009765625,,829.0090282289311,480.46465917723253,248.2439083312638,458.78978641830753
